flavor,flavor2,pairing_count,avg_rating,avg_success
anise,brandy,1,4,0.98
allspice,cashew,1,4,0.97
allspice,pistachio,2,4,0.96
blueberry,marshmallow,1,4,0.96
raisin,raspberry,1,4,0.96
champagne,lime,1,4,0.95
allspice,marshmallow,1,4,0.95
blueberry,rhubarb,1,4,0.95
blackberry,champagne,1,4,0.95
blueberry,pistachio,1,4,0.95
carrot,maple,1,4,0.94
coconut,grape,1,4,0.94
caramel,date,1,4,0.94
almond,champagne,1,4,0.93
mascarpone,oat,1,4,0.92
champagne,rum,1,4,0.91
champagne,nutmeg,1,4,0.91
carrot,rum,1,4,0.9
bay,ginger,1,4,0.88
date,pepper,1,4,0.88
date,pomegranate,1,4,0.83
pineapple,rhubarb,1,4,0.82
blueberry,date,1,4,0.8
graham,whiskey,1,4,0.8
basil,pecan,1,4,0.8
basil,cashew,1,4,0.8
basil,date,1,4,0.8
bay,maple,1,4,0.75
apricot,bay,1,4,0.75
chocolate,pomegranate,1,4,0.73
lime,oat,1,4,0.71
allspice,anise,1,4,0.67
bay,pineapple,1,4,0.67
anise,cherry,2,4,0.52
fig,pepper,2,4,0.49
ricotta,rose,2,4,0.47
basil,blackberry,2,4,0.45
lime,pumpkin,2,4,0.41
hibiscus,mint,1,4,0.1
cashew,fig,1,4,0.1
champagne,cinnamon,1,4,0.1
fennel,pepper,1,4,0.1
pepper,raspberry,1,4,0.1
cucumber,strawberry,1,4,0.1
carrot,ricotta,1,4,0.1
garlic,pecan,1,4,0.1
mint,whiskey,1,4,0.1
cucumber,lemon,1,4,0.1
graham,plum,1,4,0.1
bay,ricotta,1,4,0.1
coffee,pretzel,1,4,0.1
banana,whiskey,1,4,0.1
almond,pomegranate,2,4,0.1
graham,vodka,1,4,0.1
blackberry,fig,1,4,0.1
avocado,walnut,1,4,0.1
mango,ricotta,1,4,0.1
cardamom,cucumber,1,4,0.1
chamomile,strawberry,1,4,0.1
cashew,cherry,2,4,0.1
raspberry,thyme,1,4,0.1
bay,fig,1,4,0.1
anise,raisin,1,4,0.1
raisin,whiskey,1,4,0.1
garlic,pepper,1,4,0.1
cardamom,yam,1,4,0.1
hazelnut,pineapple,1,4,0.1
mint,tequila,1,4,0.1
blackberry,tarragon,1,4,0.1
plum,tarragon,1,4,0.1
cucumber,pistachio,1,4,0.1
peanut,ricotta,1,4,0
peanut,rose,1,4,0
blackberry,ricotta,4,3.88,0.53
peach,pepper,4,3.88,0.31
champagne,chocolate,3,3.83,0.91
cardamom,hazelnut,3,3.83,0.64
cherry,marshmallow,3,3.83,0.62
cherry,fig,8,3.81,0.36
lavender,strawberry,2,3.75,0.94
pineapple,pistachio,2,3.75,0.94
blueberry,champagne,2,3.75,0.93
cardamom,cocoa,2,3.75,0.91
hazelnut,pepper,2,3.75,0.86
bay,cherry,2,3.75,0.82
carrot,ginger,8,3.75,0.82
cranberry,grape,2,3.75,0.81
pepper,walnut,4,3.75,0.64
banana,grape,2,3.75,0.53
ginger,yam,2,3.75,0.52
peach,rose,1,3.75,0.52
cherry,grape,2,3.75,0.52
lime,rhubarb,2,3.75,0.51
brandy,champagne,2,3.75,0.51
basil,coconut,2,3.75,0.51
date,pineapple,2,3.75,0.5
champagne,pineapple,2,3.75,0.5
pecan,zucchini,2,3.75,0.49
apricot,lavender,2,3.75,0.49
coconut,yam,2,3.75,0.48
honey,tahini,2,3.75,0.47
banana,mascarpone,2,3.75,0.46
apple,whiskey,2,3.75,0.45
pepper,pistachio,2,3.75,0.43
date,mint,2,3.75,0.43
cinnamon,thyme,2,3.75,0.43
strawberry,vodka,2,3.75,0.39
peanut,pistachio,2,3.75,0.38
anise,raspberry,2,3.75,0.33
lime,plum,4,3.75,0.28
blackberry,cranberry,2,3.75,0.1
almond,yam,2,3.75,0.1
carrot,coconut,7,3.71,0.91
blueberry,ginger,14,3.71,0.56
carrot,pecan,5,3.7,0.75
pistachio,rhubarb,5,3.7,0.48
plum,raspberry,5,3.7,0.26
almond,mascarpone,14,3.68,0.67
chocolate,lavender,3,3.67,0.89
cinnamon,yam,6,3.67,0.77
champagne,mascarpone,6,3.67,0.77
coffee,hazelnut,9,3.67,0.75
chocolate,rose,6,3.67,0.72
cocoa,rose,3,3.67,0.64
pear,pomegranate,3,3.67,0.63
brandy,graham,3,3.67,0.63
hazelnut,raisin,3,3.67,0.6
coconut,pepper,3,3.67,0.59
lemon,yam,3,3.67,0.59
graham,oat,3,3.67,0.57
honey,rum,9,3.67,0.55
apple,bay,2,3.67,0.49
allspice,pineapple,3,3.67,0.37
cardamom,mint,3,3.67,0.36
graham,peach,6,3.67,0.22
fig,mint,3,3.67,0.1
date,rum,3,3.67,0.1
coffee,vodka,3,3.67,0.1
blueberry,graham,10,3.65,0.72
mango,raspberry,10,3.65,0.4
apple,fig,11,3.64,0.42
champagne,coffee,4,3.63,0.89
lavender,vanilla,4,3.63,0.71
carrot,walnut,12,3.63,0.7
lime,mascarpone,4,3.63,0.65
pomegranate,walnut,4,3.63,0.65
blackberry,mascarpone,4,3.63,0.52
cashew,pecan,4,3.63,0.48
lime,walnut,4,3.63,0.43
blackberry,hazelnut,4,3.63,0.4
almond,lavender,4,3.63,0.38
fig,ricotta,4,3.63,0.31
lemon,whiskey,4,3.63,0.29
ginger,strawberry,14,3.61,0.55
graham,raspberry,14,3.61,0.54
cherry,date,5,3.6,0.68
cardamom,coconut,5,3.6,0.55
fig,raisin,10,3.6,0.55
pecan,strawberry,5,3.6,0.54
fig,pistachio,5,3.6,0.53
hazelnut,mascarpone,6,3.58,0.72
cherry,hazelnut,12,3.58,0.63
pineapple,walnut,6,3.58,0.62
cardamom,cherry,6,3.58,0.49
cranberry,raspberry,6,3.58,0.47
cherry,maple,6,3.58,0.43
mint,rhubarb,6,3.58,0.41
blackberry,plum,6,3.58,0.35
chocolate,whiskey,7,3.57,0.74
mascarpone,pear,7,3.57,0.63
hazelnut,mint,7,3.57,0.6
lavender,lemon,7,3.57,0.56
carrot,lemon,7,3.57,0.54
graham,hazelnut,8,3.56,0.91
almond,rhubarb,8,3.56,0.74
champagne,strawberry,8,3.56,0.6
pecan,whiskey,8,3.56,0.57
clove,date,9,3.56,0.54
strawberry,walnut,8,3.56,0.36
carrot,pineapple,10,3.55,0.81
brandy,mascarpone,10,3.55,0.76
carrot,raisin,11,3.55,0.68
clove,pineapple,10,3.55,0.59
blackberry,strawberry,30,3.55,0.56
almond,fig,11,3.55,0.44
brandy,coffee,14,3.54,0.61
plum,strawberry,1,3.5,0.98
grape,plum,1,3.5,0.98
blackberry,graham,1,3.5,0.98
banana,fig,1,3.5,0.97
lemon,zucchini,1,3.5,0.97
basil,pineapple,1,3.5,0.97
blueberry,lavender,1,3.5,0.97
grape,rum,1,3.5,0.96
blackberry,coffee,1,3.5,0.95
cinnamon,gingerbread,1,3.5,0.95
basil,mango,2,3.5,0.95
cardamom,gingerbread,1,3.5,0.95
allspice,rose,1,3.5,0.95
mango,pepper,2,3.5,0.95
orange,zucchini,2,3.5,0.95
blueberry,pepper,1,3.5,0.94
oatmeal,peanut,1,3.5,0.94
fennel,hazelnut,1,3.5,0.94
cashew,cranberry,1,3.5,0.94
pineapple,pumpkin,2,3.5,0.94
caramel,whisky,1,3.5,0.94
graham,rhubarb,1,3.5,0.94
fig,rosemary,1,3.5,0.94
mascarpone,rosemary,1,3.5,0.94
chestnut,lime,1,3.5,0.93
caramel,hazelnut,1,3.5,0.93
ginger,oatmeal,1,3.5,0.93
cardamom,fennel,2,3.5,0.93
nutmeg,oatmeal,1,3.5,0.93
cardamom,oatmeal,1,3.5,0.93
chestnut,graham,1,3.5,0.93
clove,oatmeal,1,3.5,0.93
pistachio,saffron,2,3.5,0.92
rosemary,tomato,1,3.5,0.92
cocoa,lime,1,3.5,0.92
cilantro,pepper,1,3.5,0.92
pecan,whisky,2,3.5,0.92
allspice,yam,1,3.5,0.92
pumpkin,whiskey,1,3.5,0.92
cilantro,coconut,1,3.5,0.92
cilantro,ginger,1,3.5,0.92
graham,lavender,1,3.5,0.92
cinnamon,sage,1,3.5,0.92
mint,zucchini,1,3.5,0.92
allspice,coconut,3,3.5,0.92
blueberry,pear,3,3.5,0.92
basil,cilantro,1,3.5,0.92
cilantro,lime,1,3.5,0.92
pumpkin,sage,1,3.5,0.92
allspice,sage,1,3.5,0.92
cherry,sage,1,3.5,0.92
allspice,whiskey,1,3.5,0.92
cashew,pear,1,3.5,0.9
pepper,pineapple,2,3.5,0.9
pepper,tomato,1,3.5,0.9
cinnamon,curry,1,3.5,0.9
pretzel,strawberry,1,3.5,0.9
cherry,plum,2,3.5,0.9
date,pear,1,3.5,0.9
cashew,pistachio,3,3.5,0.9
curry,graham,1,3.5,0.9
carrot,raspberry,1,3.5,0.9
banana,carrot,1,3.5,0.9
curry,lemon,1,3.5,0.9
carrot,coffee,1,3.5,0.9
lemon,tomato,1,3.5,0.9
tomato,vanilla,1,3.5,0.9
cocoa,vodka,1,3.5,0.89
avocado,hazelnut,1,3.5,0.89
champagne,cocoa,2,3.5,0.89
almond,rosemary,1,3.5,0.89
apricot,sage,1,3.5,0.89
hazelnut,marshmallow,1,3.5,0.89
avocado,maple,1,3.5,0.89
grape,peach,3,3.5,0.89
marshmallow,orange,2,3.5,0.89
blueberry,cherry,1,3.5,0.89
nutmeg,zucchini,1,3.5,0.88
cranberry,marshmallow,1,3.5,0.88
ginger,zucchini,1,3.5,0.88
coffee,strawberry,3,3.5,0.88
rhubarb,whiskey,1,3.5,0.88
fig,oat,1,3.5,0.88
blackberry,cherry,2,3.5,0.88
pepper,rum,1,3.5,0.88
caramel,rhubarb,1,3.5,0.88
clove,whisky,1,3.5,0.87
clove,fennel,3,3.5,0.87
cocoa,lavender,2,3.5,0.87
walnut,yam,1,3.5,0.87
coffee,zucchini,1,3.5,0.87
allspice,raspberry,2,3.5,0.87
orange,whisky,2,3.5,0.87
blackberry,rosemary,1,3.5,0.87
rum,yam,1,3.5,0.87
pear,strawberry,5,3.5,0.87
allspice,whisky,1,3.5,0.87
avocado,orange,2,3.5,0.87
banana,garlic,1,3.5,0.86
garlic,lemon,1,3.5,0.86
cashew,garlic,1,3.5,0.86
ricotta,yam,1,3.5,0.86
chocolate,garlic,1,3.5,0.86
garlic,orange,1,3.5,0.86
cherry,mango,1,3.5,0.86
graham,pistachio,1,3.5,0.86
brandy,cashew,1,3.5,0.86
graham,pomegranate,2,3.5,0.86
garlic,vanilla,1,3.5,0.86
chamomile,honey,1,3.5,0.86
plum,raisin,1,3.5,0.86
raisin,whisky,1,3.5,0.86
hazelnut,rose,1,3.5,0.86
cinnamon,whisky,3,3.5,0.86
chamomile,rum,1,3.5,0.86
pumpkin,whisky,1,3.5,0.86
grape,ricotta,1,3.5,0.86
chamomile,pear,1,3.5,0.86
chamomile,raisin,1,3.5,0.86
cocoa,garlic,1,3.5,0.86
carrot,cocoa,3,3.5,0.85
cayenne,pumpkin,1,3.5,0.85
mint,vodka,1,3.5,0.85
rosemary,vanilla,3,3.5,0.85
pumpkin,tequila,1,3.5,0.85
coconut,ricotta,2,3.5,0.85
nutmeg,tequila,1,3.5,0.85
ginger,tequila,1,3.5,0.85
pistachio,tahini,1,3.5,0.84
carrot,chocolate,5,3.5,0.84
blackberry,date,2,3.5,0.84
caramel,strawberry,2,3.5,0.84
graham,yam,2,3.5,0.84
allspice,tequila,2,3.5,0.84
caramel,cranberry,1,3.5,0.83
hazelnut,whisky,1,3.5,0.83
brandy,pineapple,3,3.5,0.83
peanut,pecan,1,3.5,0.83
rhubarb,rum,1,3.5,0.83
lemongrass,mint,1,3.5,0.83
bay,brandy,2,3.5,0.82
cherry,whisky,1,3.5,0.82
lemon,marshmallow,1,3.5,0.82
coffee,whisky,2,3.5,0.82
vanilla,whisky,5,3.5,0.82
apple,whisky,1,3.5,0.82
peanut,pepper,2,3.5,0.82
plum,ricotta,2,3.5,0.82
cranberry,tequila,1,3.5,0.82
clove,mango,1,3.5,0.81
clove,pistachio,7,3.5,0.81
mango,plum,1,3.5,0.8
anise,maple,1,3.5,0.8
mascarpone,pecan,6,3.5,0.8
fig,pumpkin,1,3.5,0.8
champagne,hazelnut,1,3.5,0.79
allspice,blueberry,3,3.5,0.79
pineapple,plum,2,3.5,0.78
peach,walnut,1,3.5,0.78
oat,plum,6,3.5,0.77
hazelnut,pecan,3,3.5,0.77
grape,raisin,2,3.5,0.77
walnut,whiskey,2,3.5,0.77
banana,whisky,1,3.5,0.77
avocado,coffee,1,3.5,0.75
bay,blackberry,1,3.5,0.75
thyme,walnut,1,3.5,0.75
pepper,ricotta,1,3.5,0.75
cinnamon,zucchini,5,3.5,0.75
anise,carrot,1,3.5,0.75
cardamom,thyme,1,3.5,0.75
caramel,pistachio,1,3.5,0.75
curry,strawberry,1,3.5,0.75
curry,orange,1,3.5,0.75
coffee,graham,4,3.5,0.75
caramel,curry,1,3.5,0.75
pepper,plum,1,3.5,0.75
allspice,bay,1,3.5,0.75
nutmeg,thyme,1,3.5,0.75
allspice,gingerbread,1,3.5,0.75
curry,pepper,1,3.5,0.75
gingerbread,nutmeg,1,3.5,0.75
curry,peanut,1,3.5,0.75
banana,hazelnut,3,3.5,0.72
blueberry,pecan,7,3.5,0.72
graham,lime,18,3.5,0.71
hazelnut,walnut,6,3.5,0.69
cinnamon,whiskey,6,3.5,0.68
graham,nutmeg,8,3.5,0.67
mascarpone,strawberry,20,3.5,0.67
almond,whiskey,1,3.5,0.67
bay,clove,6,3.5,0.67
almond,mango,4,3.5,0.67
basil,ginger,3,3.5,0.66
apricot,oat,7,3.5,0.65
grape,strawberry,12,3.5,0.64
marshmallow,nutmeg,4,3.5,0.64
graham,mascarpone,4,3.5,0.64
date,hazelnut,3,3.5,0.63
nutmeg,yam,4,3.5,0.63
apple,rhubarb,2,3.5,0.63
rhubarb,walnut,6,3.5,0.63
cranberry,fig,7,3.5,0.62
lime,pepper,6,3.5,0.62
cocoa,raisin,5,3.5,0.61
pineapple,tequila,3,3.5,0.61
allspice,hazelnut,4,3.5,0.61
champagne,pear,3,3.5,0.61
avocado,vanilla,4,3.5,0.61
anise,strawberry,3,3.5,0.6
peach,tarragon,1,3.5,0.6
cranberry,raisin,15,3.5,0.6
mascarpone,rose,2,3.5,0.6
curry,rum,3,3.5,0.58
cardamom,rum,5,3.5,0.58
raspberry,rhubarb,10,3.5,0.58
blackberry,pecan,5,3.5,0.57
avocado,cocoa,3,3.5,0.57
cashew,raisin,3,3.5,0.57
allspice,carrot,5,3.5,0.56
brandy,date,7,3.5,0.56
honey,lavender,7,3.5,0.54
coconut,mascarpone,3,3.5,0.54
apple,basil,1,3.5,0.54
clove,raspberry,5,3.5,0.53
ginger,hazelnut,12,3.5,0.53
basil,pepper,8,3.5,0.52
ginger,pistachio,8,3.5,0.52
rose,saffron,2,3.5,0.51
nutmeg,whiskey,2,3.5,0.51
fennel,raspberry,2,3.5,0.51
pecan,yam,2,3.5,0.51
apricot,caramel,2,3.5,0.51
cashew,lime,1,3.5,0.5
chocolate,vodka,2,3.5,0.5
pepper,raisin,2,3.5,0.49
clove,mascarpone,7,3.5,0.49
bay,cardamom,2,3.5,0.49
lime,peanut,3,3.5,0.48
blueberry,rose,1,3.5,0.47
champagne,rose,2,3.5,0.47
brandy,cranberry,12,3.5,0.47
marshmallow,yam,2,3.5,0.46
blueberry,cranberry,2,3.5,0.46
lavender,orange,2,3.5,0.46
anise,rhubarb,2,3.5,0.45
caramel,pear,2,3.5,0.45
basil,blueberry,2,3.5,0.45
cinnamon,rosemary,2,3.5,0.45
pistachio,walnut,8,3.5,0.44
fennel,fig,2,3.5,0.43
ricotta,walnut,5,3.5,0.43
allspice,date,5,3.5,0.43
curry,lime,2,3.5,0.43
blackberry,pear,2,3.5,0.43
pineapple,whiskey,2,3.5,0.43
curry,pineapple,2,3.5,0.43
allspice,strawberry,2,3.5,0.43
apricot,ricotta,2,3.5,0.42
grape,mint,12,3.5,0.41
cocoa,pretzel,4,3.5,0.41
marshmallow,strawberry,2,3.5,0.41
maple,whiskey,2,3.5,0.41
avocado,chocolate,2,3.5,0.41
peanut,pineapple,2,3.5,0.39
basil,lemon,10,3.5,0.37
carrot,clove,3,3.5,0.37
hazelnut,rhubarb,5,3.5,0.36
basil,vanilla,10,3.5,0.33
champagne,grape,3,3.5,0.3
marshmallow,peanut,2,3.5,0.3
caramel,lime,2,3.5,0.3
cucumber,pepper,2,3.5,0.3
caramel,walnut,3,3.5,0.29
graham,raisin,3,3.5,0.29
mascarpone,pistachio,6,3.5,0.28
basil,raspberry,4,3.5,0.25
allspice,plum,6,3.5,0.24
lime,nutmeg,5,3.5,0.21
cranberry,thyme,1,3.5,0.1
cayenne,cocoa,1,3.5,0.1
brandy,rosemary,1,3.5,0.1
orange,thyme,1,3.5,0.1
cocoa,tahini,1,3.5,0.1
lavender,rosemary,1,3.5,0.1
pecan,ricotta,2,3.5,0.1
lavender,tarragon,1,3.5,0.1
blackberry,lavender,1,3.5,0.1
date,grape,1,3.5,0.1
chestnut,nutmeg,1,3.5,0.1
cocoa,tequila,1,3.5,0.1
lavender,pecan,1,3.5,0.1
carrot,mascarpone,1,3.5,0.1
basil,tarragon,1,3.5,0.1
cardamom,peanut,1,3.5,0.1
peach,whiskey,1,3.5,0.1
date,pumpkin,1,3.5,0.1
chestnut,date,1,3.5,0.1
coconut,hibiscus,1,3.5,0.1
mango,pistachio,1,3.5,0.1
blueberry,rosemary,1,3.5,0.1
coconut,tahini,1,3.5,0.1
anise,pomegranate,2,3.5,0.1
peach,rosemary,1,3.5,0.1
fennel,maple,1,3.5,0.1
hibiscus,raspberry,1,3.5,0.1
apricot,thyme,1,3.5,0.1
clove,rosemary,1,3.5,0.1
pear,rhubarb,2,3.5,0.1
mint,rosemary,1,3.5,0.1
honey,yam,1,3.5,0.1
coconut,mochi,1,3.5,0.1
blueberry,hibiscus,1,3.5,0.1
lavender,saffron,1,3.5,0.1
lavender,peach,1,3.5,0.1
carrot,lime,1,3.5,0.1
grape,oat,1,3.5,0.1
pecan,rosemary,1,3.5,0.1
brandy,ricotta,1,3.5,0.1
hibiscus,orange,1,3.5,0.1
lavender,mint,1,3.5,0.1
cayenne,clove,1,3.5,0.1
blackberry,maple,1,3.5,0.1
blackberry,grape,1,3.5,0.1
mint,tarragon,1,3.5,0.1
grape,pistachio,2,3.5,0.1
allspice,rhubarb,2,3.5,0.1
mango,matcha,1,3.5,0.1
cayenne,coffee,1,3.5,0.1
lavender,pear,1,3.5,0.1
raisin,tahini,1,3.5,0.1
basil,lavender,1,3.5,0.1
fennel,tarragon,1,3.5,0.1
fennel,mascarpone,1,3.5,0.1
lime,tarragon,2,3.5,0.1
fennel,strawberry,2,3.5,0.1
champagne,peach,1,3.5,0.1
plum,rosemary,1,3.5,0.1
thyme,vodka,1,3.5,0.1
mascarpone,tarragon,1,3.5,0.1
basil,orange,1,3.5,0.1
cardamom,earl,1,3.5,0.1
lavender,pistachio,1,3.5,0
almond,hazelnut,27,3.48,0.63
ginger,pineapple,23,3.48,0.59
carrot,vanilla,18,3.47,0.72
carrot,cinnamon,29,3.47,0.7
blueberry,oat,12,3.46,0.82
pumpkin,rum,13,3.46,0.8
almond,pumpkin,13,3.46,0.46
allspice,pecan,20,3.45,0.77
hazelnut,raspberry,21,3.45,0.71
nutmeg,pepper,11,3.45,0.64
honey,mascarpone,10,3.45,0.62
ginger,raspberry,21,3.45,0.57
apple,pepper,8,3.45,0.57
cherry,nutmeg,22,3.45,0.55
pear,pecan,10,3.45,0.52
clove,strawberry,10,3.45,0.48
raspberry,strawberry,73,3.45,0.48
champagne,lemon,11,3.45,0.42
graham,rum,8,3.44,0.78
cranberry,pistachio,9,3.44,0.77
vanilla,yam,9,3.44,0.62
blackberry,oat,9,3.44,0.51
cherry,rum,8,3.44,0.38
coconut,graham,14,3.43,0.72
plum,walnut,7,3.43,0.64
coconut,coffee,7,3.43,0.6
date,nutmeg,14,3.43,0.54
nutmeg,pistachio,6,3.42,0.81
oat,peanut,11,3.42,0.7
marshmallow,pecan,6,3.42,0.69
nutmeg,pecan,56,3.42,0.66
ginger,walnut,33,3.42,0.64
fig,mascarpone,6,3.42,0.58
anise,pear,6,3.42,0.55
brandy,maple,12,3.42,0.55
cardamom,raisin,13,3.42,0.55
graham,mint,6,3.42,0.53
pepper,strawberry,13,3.42,0.46
mint,strawberry,58,3.42,0.44
cashew,lemon,6,3.42,0.42
rum,walnut,17,3.41,0.68
banana,nutmeg,11,3.41,0.66
ginger,plum,11,3.41,0.65
lemon,mascarpone,40,3.41,0.55
cardamom,walnut,17,3.41,0.55
caramel,nutmeg,5,3.4,0.83
blueberry,cocoa,5,3.4,0.82
coconut,pumpkin,5,3.4,0.71
honey,plum,10,3.4,0.7
oat,pecan,25,3.4,0.69
cashew,date,5,3.4,0.69
almond,cashew,10,3.4,0.66
lemon,pecan,55,3.4,0.62
cashew,walnut,5,3.4,0.61
cherry,coconut,10,3.4,0.59
almond,raspberry,72,3.4,0.57
cardamom,pineapple,5,3.4,0.54
cardamom,strawberry,15,3.4,0.52
apricot,fig,10,3.4,0.48
nutmeg,strawberry,10,3.4,0.48
cherry,graham,5,3.4,0.42
cherry,pineapple,10,3.4,0.36
vanilla,zucchini,9,3.39,0.78
almond,blueberry,19,3.39,0.73
almond,graham,23,3.39,0.66
almond,strawberry,45,3.39,0.61
pomegranate,vanilla,9,3.39,0.6
allspice,pear,14,3.39,0.57
pecan,raisin,22,3.39,0.56
cinnamon,raspberry,36,3.39,0.54
brandy,ginger,23,3.39,0.51
cherry,raspberry,9,3.39,0.49
graham,mango,4,3.38,0.85
cranberry,rum,8,3.38,0.74
coconut,walnut,8,3.38,0.71
mascarpone,nutmeg,8,3.38,0.69
clove,rhubarb,4,3.38,0.68
chocolate,hazelnut,112,3.38,0.66
clove,plum,4,3.38,0.66
mascarpone,rhubarb,4,3.38,0.65
brandy,pumpkin,4,3.38,0.65
blueberry,grape,4,3.38,0.64
cocoa,plum,4,3.38,0.62
almond,coffee,32,3.38,0.61
chocolate,raisin,16,3.38,0.6
raspberry,walnut,12,3.38,0.58
mint,plum,4,3.38,0.58
brandy,rum,8,3.38,0.58
brandy,raisin,22,3.38,0.56
banana,pear,4,3.38,0.53
brandy,plum,8,3.38,0.52
pear,pineapple,4,3.38,0.51
apricot,blueberry,4,3.38,0.5
champagne,mint,4,3.38,0.48
oat,pistachio,8,3.38,0.42
cherry,oat,15,3.37,0.69
ginger,mascarpone,15,3.37,0.63
nutmeg,pineapple,11,3.36,0.77
carrot,orange,7,3.36,0.76
oat,strawberry,7,3.36,0.74
graham,pecan,14,3.36,0.73
pear,rose,3,3.36,0.73
blackberry,walnut,7,3.36,0.7
cocoa,hazelnut,38,3.36,0.67
blackberry,ginger,14,3.36,0.65
brandy,strawberry,18,3.36,0.57
curry,vanilla,7,3.36,0.56
caramel,cocoa,7,3.36,0.54
allspice,almond,21,3.36,0.54
cardamom,date,7,3.36,0.52
blackberry,raspberry,53,3.36,0.51
fig,ginger,11,3.36,0.41
allspice,rum,17,3.35,0.78
cinnamon,mascarpone,17,3.35,0.68
grape,orange,17,3.35,0.61
ginger,raisin,31,3.35,0.56
blackberry,blueberry,37,3.35,0.55
cardamom,honey,27,3.35,0.55
cherry,clove,17,3.35,0.43
apple,cherry,21,3.35,0.36
pecan,pumpkin,28,3.34,0.73
peach,pecan,16,3.34,0.58
hazelnut,honey,16,3.34,0.54
apricot,raspberry,22,3.34,0.53
allspice,raisin,22,3.34,0.5
walnut,zucchini,3,3.33,0.89
clove,graham,3,3.33,0.89
cocoa,zucchini,6,3.33,0.88
raspberry,ricotta,3,3.33,0.87
brandy,coconut,3,3.33,0.85
cranberry,lime,3,3.33,0.82
orange,yam,3,3.33,0.82
banana,graham,6,3.33,0.82
almond,carrot,3,3.33,0.82
allspice,oat,5,3.33,0.8
allspice,mascarpone,3,3.33,0.78
apricot,mascarpone,3,3.33,0.78
cocoa,graham,9,3.33,0.7
caramel,rum,6,3.33,0.68
lemon,rosemary,3,3.33,0.61
cocoa,pepper,3,3.33,0.6
cayenne,vanilla,3,3.33,0.6
brandy,orange,38,3.33,0.59
cranberry,mascarpone,3,3.33,0.59
orange,peach,21,3.33,0.58
apricot,graham,3,3.33,0.58
cardamom,orange,48,3.33,0.57
graham,ricotta,3,3.33,0.56
cranberry,pineapple,3,3.33,0.56
cherry,cranberry,6,3.33,0.55
cayenne,ginger,3,3.33,0.54
apricot,ginger,29,3.33,0.51
cherry,pear,18,3.33,0.49
brandy,pistachio,3,3.33,0.47
hibiscus,lemon,3,3.33,0.4
mascarpone,walnut,6,3.33,0.4
pistachio,strawberry,15,3.33,0.39
caramel,cherry,3,3.33,0.39
peach,raisin,3,3.33,0.38
cherry,ricotta,6,3.33,0.37
coffee,raisin,3,3.33,0.35
brandy,pepper,3,3.33,0.34
cranberry,date,3,3.33,0.33
ricotta,rum,3,3.33,0.29
cardamom,lime,6,3.33,0.08
fig,nutmeg,11,3.32,0.71
allspice,cranberry,22,3.32,0.62
brandy,hazelnut,11,3.32,0.57
coconut,raisin,11,3.32,0.47
cinnamon,lime,11,3.32,0.28
pineapple,strawberry,17,3.32,0.26
chocolate,cranberry,32,3.31,0.73
cinnamon,rhubarb,21,3.31,0.72
ginger,nutmeg,125,3.31,0.66
ricotta,strawberry,8,3.31,0.64
brandy,cocoa,26,3.31,0.6
lemon,raspberry,150,3.31,0.54
peanut,raisin,5,3.3,0.82
cinnamon,fennel,5,3.3,0.81
allspice,pumpkin,45,3.3,0.79
mascarpone,pumpkin,5,3.3,0.77
nutmeg,oat,24,3.3,0.74
graham,walnut,10,3.3,0.74
cherry,mascarpone,5,3.3,0.74
hazelnut,pear,15,3.3,0.74
champagne,vanilla,5,3.3,0.72
cranberry,hazelnut,5,3.3,0.71
allspice,orange,32,3.3,0.63
apricot,pumpkin,5,3.3,0.62
clove,cranberry,22,3.3,0.62
brandy,walnut,20,3.3,0.61
ginger,mint,20,3.3,0.6
apple,tequila,2,3.3,0.59
honey,pecan,30,3.3,0.57
blackberry,orange,23,3.3,0.57
brandy,nutmeg,32,3.3,0.57
banana,orange,20,3.3,0.55
blueberry,strawberry,42,3.3,0.54
cinnamon,fig,35,3.3,0.53
champagne,raspberry,10,3.3,0.49
almond,pistachio,43,3.3,0.48
hazelnut,pistachio,5,3.3,0.48
blackberry,cardamom,5,3.3,0.47
honey,pistachio,27,3.3,0.47
brandy,pecan,15,3.3,0.43
basil,strawberry,10,3.3,0.42
apple,date,8,3.3,0.4
blueberry,plum,5,3.3,0.4
anise,plum,5,3.3,0.25
blackberry,chocolate,12,3.29,0.73
almond,pineapple,12,3.29,0.72
carrot,nutmeg,14,3.29,0.72
hazelnut,oat,7,3.29,0.68
chocolate,raspberry,111,3.29,0.66
almond,pecan,21,3.29,0.53
apricot,cardamom,7,3.29,0.48
cardamom,nutmeg,27,3.28,0.71
clove,pecan,23,3.28,0.71
cocoa,raspberry,30,3.28,0.67
clove,fig,16,3.28,0.64
allspice,honey,20,3.28,0.62
lemon,rose,13,3.28,0.61
apple,cranberry,40,3.28,0.59
clove,honey,40,3.28,0.57
cherry,cinnamon,69,3.28,0.53
allspice,cocoa,9,3.28,0.46
mint,orange,55,3.28,0.43
cardamom,chocolate,13,3.27,0.68
cinnamon,ginger,335,3.27,0.66
cherry,cocoa,24,3.27,0.65
blueberry,chocolate,15,3.27,0.64
pecan,vanilla,276,3.27,0.63
cashew,honey,11,3.27,0.63
cinnamon,pecan,132,3.27,0.63
cinnamon,strawberry,35,3.27,0.57
hazelnut,lemon,31,3.27,0.56
nutmeg,raspberry,13,3.27,0.54
blackberry,lemon,77,3.27,0.53
orange,plum,13,3.27,0.49
honey,pepper,15,3.27,0.42
pear,raspberry,15,3.27,0.33
cranberry,oat,21,3.26,0.73
chocolate,pear,19,3.26,0.61
graham,lemon,48,3.26,0.6
nutmeg,raisin,60,3.26,0.58
chocolate,rhubarb,2,3.25,0.88
cardamom,rhubarb,4,3.25,0.86
apple,rosemary,2,3.25,0.84
banana,curry,2,3.25,0.83
pear,rosemary,4,3.25,0.83
anise,cranberry,2,3.25,0.82
cashew,oat,2,3.25,0.82
caramel,mascarpone,2,3.25,0.81
rhubarb,ricotta,2,3.25,0.79
cardamom,cashew,2,3.25,0.78
cardamom,mango,2,3.25,0.78
cherry,pumpkin,2,3.25,0.78
clove,pomegranate,2,3.25,0.76
curry,pistachio,2,3.25,0.76
cardamom,fig,4,3.25,0.76
cayenne,nutmeg,2,3.25,0.76
coconut,lemongrass,2,3.25,0.75
mint,pepper,2,3.25,0.74
pumpkin,raisin,11,3.25,0.73
apricot,coffee,2,3.25,0.72
cranberry,pecan,18,3.25,0.68
coconut,nutmeg,16,3.25,0.68
ginger,peanut,2,3.25,0.67
brandy,oat,5,3.25,0.67
caramel,cashew,2,3.25,0.66
graham,vanilla,105,3.25,0.65
blueberry,cashew,2,3.25,0.65
blackberry,cashew,2,3.25,0.65
blueberry,nutmeg,16,3.25,0.64
almond,whisky,4,3.25,0.64
mascarpone,raspberry,20,3.25,0.63
cocoa,orange,56,3.25,0.63
cayenne,cinnamon,4,3.25,0.62
anise,cocoa,2,3.25,0.62
cocoa,pistachio,4,3.25,0.61
chestnut,rum,4,3.25,0.61
cranberry,lemon,44,3.25,0.61
cinnamon,tequila,8,3.25,0.6
clove,hazelnut,18,3.25,0.57
almond,brandy,67,3.25,0.55
blackberry,nutmeg,10,3.25,0.55
anise,ginger,8,3.25,0.54
hazelnut,pumpkin,6,3.25,0.53
orange,raspberry,53,3.25,0.51
apricot,rum,24,3.25,0.51
lemon,mango,16,3.25,0.5
blueberry,vodka,2,3.25,0.5
apricot,cranberry,20,3.25,0.5
bay,strawberry,2,3.25,0.49
grape,pecan,2,3.25,0.49
coffee,pineapple,2,3.25,0.48
cardamom,mascarpone,6,3.25,0.48
fig,plum,2,3.25,0.48
plum,vanilla,60,3.25,0.47
orange,tahini,2,3.25,0.47
cinnamon,tahini,2,3.25,0.47
chocolate,pretzel,6,3.25,0.44
blueberry,brandy,2,3.25,0.43
coffee,ricotta,2,3.25,0.42
fennel,ricotta,2,3.25,0.42
date,walnut,20,3.25,0.42
anise,apple,3,3.25,0.42
peach,pistachio,6,3.25,0.38
rhubarb,rose,2,3.25,0.36
cashew,curry,2,3.25,0.3
mascarpone,mint,4,3.25,0.28
pear,thyme,4,3.25,0.25
date,ginger,6,3.25,0.24
hibiscus,lime,4,3.25,0.2
anise,cardamom,4,3.25,0.1
pumpkin,walnut,17,3.24,0.77
ginger,pumpkin,94,3.24,0.73
nutmeg,pumpkin,70,3.24,0.7
cinnamon,walnut,170,3.24,0.65
clove,ginger,150,3.24,0.65
cinnamon,oat,97,3.24,0.64
cinnamon,cranberry,71,3.24,0.64
graham,strawberry,17,3.24,0.64
cinnamon,hazelnut,41,3.24,0.63
ginger,pear,40,3.24,0.62
nutmeg,pear,37,3.24,0.62
clove,pepper,19,3.24,0.61
cinnamon,pineapple,41,3.24,0.59
raspberry,vanilla,231,3.24,0.58
lemon,pear,112,3.24,0.57
brandy,cherry,54,3.24,0.52
date,orange,23,3.24,0.43
nutmeg,rum,41,3.23,0.72
ginger,pecan,45,3.23,0.69
lime,tequila,11,3.23,0.68
lime,raspberry,15,3.23,0.61
chocolate,pistachio,40,3.23,0.6
cinnamon,raisin,134,3.23,0.57
lemon,strawberry,162,3.23,0.54
apple,brandy,43,3.23,0.51
orange,strawberry,87,3.23,0.51
lemon,raisin,66,3.23,0.48
banana,walnut,23,3.22,0.69
clove,walnut,39,3.22,0.66
orange,walnut,61,3.22,0.55
strawberry,vanilla,253,3.22,0.54
cola,honey,1,3.22,0.51
cocoa,honey,23,3.22,0.51
rhubarb,strawberry,36,3.22,0.49
cherry,ginger,16,3.22,0.37
cocoa,pecan,39,3.21,0.66
pear,walnut,19,3.21,0.66
allspice,ginger,82,3.21,0.65
apple,pecan,31,3.21,0.64
nutmeg,rhubarb,7,3.21,0.62
vanilla,whiskey,19,3.21,0.6
cinnamon,pepper,33,3.21,0.6
cocoa,mint,29,3.21,0.59
chocolate,mint,64,3.21,0.57
orange,pistachio,43,3.21,0.55
chocolate,honey,64,3.21,0.5
coconut,ginger,28,3.21,0.5
orange,ricotta,26,3.21,0.46
fig,lemon,28,3.21,0.44
grape,pineapple,7,3.21,0.4
apple,strawberry,5,3.21,0.34
oat,rhubarb,5,3.2,0.87
chocolate,zucchini,5,3.2,0.84
blackberry,cocoa,5,3.2,0.7
cinnamon,pumpkin,126,3.2,0.7
chocolate,oat,40,3.2,0.7
chocolate,whisky,5,3.2,0.69
allspice,blackberry,5,3.2,0.66
chocolate,rum,71,3.2,0.64
blueberry,vanilla,108,3.2,0.64
blueberry,lemon,116,3.2,0.63
cocoa,vanilla,410,3.2,0.62
raspberry,rose,10,3.2,0.61
cinnamon,pear,98,3.2,0.59
allspice,chocolate,20,3.2,0.59
honey,walnut,56,3.2,0.57
brandy,cinnamon,70,3.2,0.56
mascarpone,plum,5,3.2,0.56
blueberry,raspberry,70,3.2,0.55
pistachio,raspberry,10,3.2,0.55
basil,mint,5,3.2,0.55
apple,cardamom,15,3.2,0.54
pear,rum,10,3.2,0.54
fig,pecan,10,3.2,0.52
almond,raisin,38,3.2,0.47
lemon,mint,81,3.2,0.47
mint,raspberry,61,3.2,0.46
chocolate,walnut,123,3.19,0.67
cinnamon,graham,31,3.19,0.6
ginger,honey,40,3.19,0.59
cinnamon,cocoa,56,3.19,0.58
ginger,orange,85,3.19,0.57
lemon,pistachio,35,3.19,0.57
fig,orange,35,3.19,0.55
fig,pear,13,3.19,0.54
lemon,rum,47,3.19,0.52
blackberry,mango,8,3.19,0.47
allspice,brandy,16,3.19,0.45
blueberry,cinnamon,31,3.18,0.74
cranberry,walnut,22,3.18,0.7
cocoa,walnut,39,3.18,0.67
blueberry,orange,22,3.18,0.66
allspice,cinnamon,162,3.18,0.65
nutmeg,orange,66,3.18,0.64
allspice,walnut,28,3.18,0.63
chocolate,cocoa,438,3.18,0.62
apricot,pear,19,3.18,0.59
coffee,honey,11,3.18,0.58
cinnamon,rum,75,3.18,0.57
blackberry,vanilla,90,3.18,0.56
clove,raisin,34,3.18,0.56
raisin,rum,38,3.18,0.55
cardamom,pistachio,25,3.18,0.55
pear,raisin,17,3.18,0.55
almond,apple,41,3.18,0.52
basil,lime,11,3.18,0.48
apple,rum,24,3.18,0.47
graham,tequila,3,3.17,0.81
chocolate,curry,3,3.17,0.76
anise,pecan,3,3.17,0.73
blueberry,walnut,3,3.17,0.73
oat,walnut,22,3.17,0.71
chocolate,mascarpone,33,3.17,0.71
chocolate,graham,46,3.17,0.66
marshmallow,oat,3,3.17,0.65
coffee,nutmeg,12,3.17,0.64
mascarpone,vanilla,69,3.17,0.63
almond,cranberry,21,3.17,0.63
almond,chocolate,235,3.17,0.62
almond,clove,33,3.17,0.62
maple,pear,15,3.17,0.62
ginger,vanilla,252,3.17,0.61
hazelnut,strawberry,9,3.17,0.6
almond,cocoa,58,3.17,0.59
cardamom,vanilla,92,3.17,0.58
orange,pecan,33,3.17,0.58
brandy,fig,12,3.17,0.58
mango,vanilla,50,3.17,0.58
cocoa,oat,6,3.17,0.56
raisin,walnut,47,3.17,0.56
cardamom,oat,8,3.17,0.54
lemon,maple,39,3.17,0.54
fennel,honey,3,3.17,0.52
apricot,lemon,80,3.17,0.52
peanut,pretzel,3,3.17,0.52
maple,ricotta,3,3.17,0.51
apple,maple,34,3.17,0.5
cherry,pecan,21,3.17,0.5
brandy,pear,32,3.17,0.49
fig,vanilla,42,3.17,0.48
cashew,orange,6,3.17,0.47
oat,pumpkin,6,3.17,0.45
almond,marshmallow,6,3.17,0.41
date,raisin,6,3.17,0.36
honey,maple,6,3.17,0.33
maple,peach,3,3.17,0.32
anise,pineapple,3,3.17,0.29
grape,mascarpone,3,3.17,0.27
nutmeg,walnut,48,3.16,0.69
chocolate,strawberry,68,3.16,0.64
ginger,rum,28,3.16,0.64
chocolate,orange,161,3.16,0.62
maple,pumpkin,16,3.16,0.59
hazelnut,vanilla,123,3.16,0.58
brandy,chocolate,83,3.16,0.58
ginger,lemon,129,3.16,0.57
cola,ginger,1,3.16,0.55
cinnamon,orange,236,3.16,0.55
ginger,mango,26,3.16,0.55
pineapple,vanilla,82,3.16,0.55
almond,cherry,91,3.16,0.53
apple,ginger,56,3.16,0.53
cinnamon,peach,40,3.16,0.5
almond,plum,22,3.16,0.47
apple,orange,50,3.16,0.44
mint,pineapple,28,3.16,0.35
pecan,pineapple,10,3.15,0.69
cranberry,vanilla,98,3.15,0.67
allspice,clove,66,3.15,0.65
cranberry,ginger,24,3.15,0.65
chocolate,vanilla,1013,3.15,0.64
cola,vanilla,2,3.15,0.64
nutmeg,vanilla,265,3.15,0.62
caramel,lemon,10,3.15,0.61
apple,pear,27,3.15,0.6
almond,cinnamon,166,3.15,0.59
cranberry,orange,70,3.15,0.58
cherry,cola,1,3.15,0.58
almond,nutmeg,43,3.15,0.58
chocolate,ginger,60,3.15,0.55
hazelnut,orange,40,3.15,0.53
cherry,raisin,13,3.15,0.49
cherry,orange,47,3.15,0.47
cardamom,plum,10,3.15,0.44
pineapple,rum,37,3.15,0.42
allspice,apricot,10,3.15,0.35
allspice,nutmeg,69,3.14,0.66
vanilla,walnut,263,3.14,0.64
apple,plum,5,3.14,0.61
apple,walnut,56,3.14,0.59
cardamom,clove,32,3.14,0.59
apple,clove,53,3.14,0.58
cherry,chocolate,91,3.14,0.58
clove,orange,80,3.14,0.57
apple,hazelnut,10,3.14,0.57
almond,ginger,50,3.14,0.55
cocoa,coconut,29,3.14,0.55
almond,orange,135,3.14,0.54
orange,pomegranate,11,3.14,0.54
cherry,vanilla,169,3.14,0.53
graham,honey,11,3.14,0.52
almond,honey,97,3.14,0.51
mint,vanilla,117,3.14,0.51
mint,pear,18,3.14,0.5
pistachio,vanilla,70,3.14,0.47
pistachio,raisin,7,3.14,0.44
cinnamon,ricotta,22,3.14,0.43
peach,rum,7,3.14,0.3
basil,peach,7,3.14,0.24
chocolate,pepper,12,3.13,0.81
almond,peanut,4,3.13,0.75
peach,plum,8,3.13,0.72
orange,tequila,4,3.13,0.67
allspice,cardamom,12,3.13,0.63
apricot,blackberry,4,3.13,0.62
chocolate,coffee,171,3.13,0.61
brandy,clove,23,3.13,0.6
almond,lemon,192,3.13,0.59
cocoa,coffee,76,3.13,0.59
cinnamon,pistachio,24,3.13,0.57
mascarpone,orange,19,3.13,0.56
pear,ricotta,4,3.13,0.56
brandy,vanilla,170,3.13,0.55
cocoa,peanut,28,3.13,0.55
nutmeg,ricotta,4,3.13,0.54
apricot,strawberry,12,3.13,0.5
apricot,cinnamon,67,3.13,0.5
anise,apricot,4,3.13,0.47
pepper,thyme,4,3.13,0.46
ricotta,vanilla,43,3.13,0.45
orange,pepper,8,3.13,0.45
blueberry,maple,8,3.13,0.45
brandy,honey,12,3.13,0.44
banana,raspberry,8,3.13,0.44
allspice,fig,4,3.13,0.42
orange,pineapple,31,3.13,0.38
rose,vanilla,14,3.12,0.64
almond,oat,30,3.12,0.63
pecan,rum,29,3.12,0.61
cinnamon,vanilla,759,3.12,0.6
blackberry,cinnamon,25,3.12,0.6
apple,nutmeg,73,3.12,0.58
apple,raisin,61,3.12,0.57
raisin,vanilla,144,3.12,0.56
cocoa,ginger,21,3.12,0.53
honey,pumpkin,13,3.12,0.53
lemon,ricotta,33,3.12,0.44
grape,vanilla,26,3.12,0.41
apple,oat,32,3.11,0.75
allspice,pepper,9,3.11,0.74
apple,mascarpone,4,3.11,0.62
cinnamon,nutmeg,326,3.11,0.61
pear,vanilla,132,3.11,0.6
cinnamon,clove,287,3.11,0.6
almond,banana,9,3.11,0.52
lemon,orange,205,3.11,0.52
lemon,peach,86,3.11,0.51
chocolate,fig,9,3.11,0.51
mango,mint,19,3.11,0.48
apricot,raisin,23,3.11,0.37
rose,strawberry,5,3.1,0.66
oat,vanilla,123,3.1,0.65
cocoa,strawberry,15,3.1,0.62
clove,vanilla,142,3.1,0.61
cola,pecan,1,3.1,0.61
chocolate,pecan,130,3.1,0.61
allspice,vanilla,105,3.1,0.61
cocoa,lemon,26,3.1,0.61
almond,pear,47,3.1,0.6
pepper,vanilla,31,3.1,0.55
apricot,mango,5,3.1,0.55
almond,apricot,82,3.1,0.54
clove,rum,20,3.1,0.53
mascarpone,pineapple,5,3.1,0.51
graham,marshmallow,10,3.1,0.51
apricot,vanilla,146,3.1,0.5
cherry,coffee,5,3.1,0.48
honey,raspberry,20,3.1,0.44
clove,pumpkin,47,3.09,0.69
lemon,oat,38,3.09,0.66
mascarpone,rum,11,3.09,0.61
lemon,nutmeg,130,3.09,0.59
cinnamon,lemon,360,3.09,0.58
rhubarb,vanilla,65,3.09,0.58
cardamom,cinnamon,77,3.09,0.57
allspice,apple,38,3.09,0.57
almond,vanilla,435,3.09,0.56
cardamom,pecan,11,3.09,0.56
rum,vanilla,173,3.09,0.55
cocoa,marshmallow,11,3.09,0.54
brandy,lemon,70,3.09,0.53
apricot,pineapple,11,3.09,0.49
cinnamon,date,40,3.09,0.41
graham,pineapple,6,3.08,0.66
maple,walnut,32,3.08,0.64
ginger,grape,6,3.08,0.62
date,pistachio,6,3.08,0.6
apple,cinnamon,262,3.08,0.6
coconut,rum,53,3.08,0.57
apple,vanilla,241,3.08,0.56
orange,vanilla,396,3.08,0.55
orange,rhubarb,24,3.08,0.53
basil,honey,6,3.08,0.53
coconut,pistachio,12,3.08,0.49
coffee,mint,6,3.08,0.48
honey,orange,117,3.08,0.47
date,pecan,20,3.08,0.45
lime,mint,31,3.08,0.45
apricot,grape,6,3.08,0.43
banana,cherry,6,3.08,0.39
pear,pepper,6,3.08,0.36
honey,mango,6,3.08,0.3
cocoa,mascarpone,21,3.07,0.76
bay,lemon,7,3.07,0.63
cranberry,nutmeg,23,3.07,0.61
allspice,cherry,7,3.07,0.61
cinnamon,cola,1,3.07,0.6
chocolate,cinnamon,176,3.07,0.59
coffee,vanilla,160,3.07,0.58
lemon,vanilla,696,3.07,0.56
apple,graham,9,3.07,0.53
lime,strawberry,22,3.07,0.43
cherry,pistachio,14,3.07,0.32
coffee,raspberry,8,3.06,0.8
pumpkin,vanilla,89,3.06,0.65
brandy,peach,9,3.06,0.58
nutmeg,plum,8,3.06,0.55
clove,cocoa,17,3.06,0.52
lime,mango,49,3.06,0.51
apricot,banana,8,3.06,0.49
cherry,lemon,70,3.06,0.46
oat,peach,9,3.06,0.42
clove,nutmeg,108,3.05,0.63
cranberry,maple,11,3.05,0.59
brandy,mint,11,3.05,0.58
allspice,lemon,38,3.05,0.57
orange,raisin,41,3.05,0.56
apricot,brandy,28,3.05,0.55
apple,lemon,182,3.05,0.55
clove,lemon,89,3.05,0.54
almond,cardamom,30,3.05,0.54
cinnamon,mango,10,3.05,0.47
pistachio,rose,10,3.05,0.34
anise,clove,12,3.04,0.66
chocolate,lemon,101,3.04,0.63
fig,walnut,13,3.04,0.63
almond,blackberry,23,3.04,0.61
almond,walnut,37,3.04,0.59
chestnut,vanilla,12,3.04,0.53
banana,pecan,24,3.04,0.53
cinnamon,honey,122,3.04,0.5
orange,pear,48,3.04,0.5
cocoa,maple,14,3.04,0.43
date,lemon,12,3.04,0.26
lemon,pumpkin,15,3.03,0.66
clove,cola,1,3.03,0.59
cardamom,peach,17,3.03,0.53
apple,pineapple,5,3.03,0.47
banana,strawberry,17,3.03,0.45
honey,lime,15,3.03,0.44
coconut,strawberry,18,3.03,0.34
coconut,pecan,24,3.02,0.64
chocolate,clove,30,3.02,0.59
lemon,walnut,84,3.02,0.58
cola,nutmeg,1,3.02,0.54
lime,pineapple,30,3.02,0.51
lime,vanilla,73,3.02,0.44
blueberry,mint,24,3.02,0.36
coconut,vanilla,223,3.01,0.6
chocolate,nutmeg,46,3.01,0.53
apple,apricot,35,3.01,0.49
clove,earl,1,3,0.93
earl,pear,1,3,0.93
cranberry,graham,1,3,0.87
chestnut,maple,1,3,0.87
blackberry,peanut,1,3,0.86
cayenne,chocolate,1,3,0.86
oat,pineapple,1,3,0.85
allspice,lime,2,3,0.84
lime,vodka,1,3,0.83
banana,pistachio,1,3,0.83
rhubarb,whisky,1,3,0.82
pear,plum,1,3,0.82
cashew,pineapple,1,3,0.81
cashew,mascarpone,1,3,0.81
caramel,raspberry,1,3,0.81
honey,matcha,1,3,0.8
cashew,ginger,2,3,0.8
coconut,fennel,1,3,0.8
peach,rhubarb,1,3,0.8
cashew,strawberry,1,3,0.8
cherry,rosemary,1,3,0.79
chai,honey,1,3,0.79
clove,peach,1,3,0.78
plum,pumpkin,1,3,0.78
lemon,tequila,1,3,0.77
oatmeal,raisin,3,3,0.77
cinnamon,oatmeal,3,3,0.76
chocolate,oatmeal,1,3,0.75
mascarpone,thyme,1,3,0.75
date,oatmeal,1,3,0.75
brandy,carrot,1,3,0.75
clove,peanut,2,3,0.75
mascarpone,pepper,2,3,0.75
oatmeal,pecan,1,3,0.75
apricot,fennel,1,3,0.75
fig,thyme,1,3,0.75
pomegranate,rose,1,3,0.75
mint,pomegranate,2,3,0.75
coffee,curry,1,3,0.75
plum,tequila,1,3,0.75
mascarpone,pomegranate,1,3,0.75
pomegranate,strawberry,1,3,0.75
honey,rhubarb,4,3,0.74
fennel,nutmeg,2,3,0.74
mango,mascarpone,2,3,0.74
fennel,ginger,2,3,0.74
caramel,oat,1,3,0.74
blueberry,thyme,1,3,0.73
ricotta,thyme,2,3,0.72
banana,caramel,6,3,0.71
graham,maple,3,3,0.71
avocado,coconut,1,3,0.71
apple,avocado,1,3,0.71
avocado,lemon,1,3,0.7
apple,pumpkin,11,3,0.69
coconut,rhubarb,3,3,0.68
ginger,whiskey,1,3,0.67
anise,tequila,1,3,0.67
cardamom,maple,1,3,0.67
cayenne,raisin,1,3,0.67
fennel,saffron,1,3,0.67
cashew,saffron,1,3,0.67
almond,cayenne,1,3,0.67
allspice,cayenne,1,3,0.67
coconut,rose,1,3,0.67
lemongrass,orange,1,3,0.67
cayenne,saffron,1,3,0.67
cayenne,honey,1,3,0.67
fennel,lime,1,3,0.67
almond,tequila,1,3,0.67
nutmeg,saffron,1,3,0.67
pomegranate,pumpkin,1,3,0.67
allspice,ricotta,1,3,0.67
lemongrass,mango,2,3,0.67
fig,peach,1,3,0.67
allspice,fennel,1,3,0.67
lemongrass,vanilla,1,3,0.67
caramel,raisin,1,3,0.67
pomegranate,rum,1,3,0.67
allspice,saffron,1,3,0.67
apricot,lemongrass,1,3,0.67
mango,pear,1,3,0.67
cayenne,fennel,1,3,0.67
oat,raspberry,12,3,0.65
pear,pumpkin,5,3,0.65
blueberry,clove,2,3,0.65
caramel,peach,1,3,0.65
chocolate,earl,3,3,0.64
ginger,oat,16,3,0.64
mascarpone,peanut,1,3,0.64
basil,tomato,1,3,0.63
ricotta,tomato,1,3,0.63
cranberry,pear,23,3,0.63
nutmeg,peach,14,3,0.62
brandy,cardamom,4,3,0.62
tequila,vanilla,5,3,0.61
chocolate,coconut,104,3,0.61
honey,mint,17,3,0.61
graham,peanut,9,3,0.61
blueberry,mascarpone,10,3,0.6
peach,strawberry,16,3,0.59
lemon,saffron,3,3,0.59
almond,anise,9,3,0.58
apricot,rhubarb,3,3,0.58
blackberry,brandy,7,3,0.57
marshmallow,raspberry,4,3,0.57
chai,vanilla,3,3,0.56
date,oat,10,3,0.56
orange,rose,11,3,0.56
raspberry,rum,8,3,0.56
coffee,pecan,11,3,0.55
grape,raspberry,8,3,0.55
honey,pineapple,12,3,0.55
honey,strawberry,30,3,0.55
apple,coffee,1,3,0.54
cherry,strawberry,3,3,0.53
mascarpone,peach,7,3,0.52
mango,orange,11,3,0.52
maple,raisin,8,3,0.52
cardamom,lemon,50,3,0.51
fig,grape,3,3,0.51
chestnut,thyme,1,3,0.5
blueberry,cardamom,5,3,0.5
cashew,fennel,1,3,0.5
sage,thyme,1,3,0.5
chestnut,parsley,1,3,0.5
parsley,pepper,1,3,0.5
almond,saffron,4,3,0.5
curry,fennel,1,3,0.5
parsley,thyme,1,3,0.5
chestnut,sage,1,3,0.5
lemon,peanut,1,3,0.5
pepper,sage,1,3,0.5
apple,parsley,1,3,0.5
apple,sage,1,3,0.5
ginger,graham,11,3,0.5
chestnut,chocolate,10,3,0.5
marshmallow,raisin,1,3,0.5
parsley,sage,1,3,0.5
chestnut,pepper,1,3,0.5
honey,lemon,122,3,0.49
apricot,cocoa,5,3,0.49
allspice,pomegranate,3,3,0.49
pumpkin,yam,2,3,0.49
almond,rum,26,3,0.49
pineapple,raisin,6,3,0.49
maple,strawberry,5,3,0.47
banana,lemon,37,3,0.46
fig,maple,2,3,0.45
banana,cardamom,4,3,0.45
banana,mint,9,3,0.43
allspice,mango,3,3,0.43
brandy,mango,2,3,0.43
apple,chestnut,3,3,0.42
almond,ricotta,9,3,0.41
hazelnut,plum,10,3,0.4
mascarpone,ricotta,6,3,0.4
grape,honey,10,3,0.39
ginger,lemongrass,2,3,0.39
pear,pistachio,7,3,0.39
pistachio,ricotta,6,3,0.37
chestnut,honey,2,3,0.37
chestnut,cinnamon,2,3,0.36
fennel,pear,3,3,0.35
raspberry,tequila,1,3,0.33
pear,tequila,1,3,0.33
lavender,raisin,1,3,0.33
lime,ricotta,1,3,0.33
coconut,lavender,1,3,0.33
cardamom,rose,7,3,0.3
allspice,peach,2,3,0.3
cucumber,mint,2,3,0.3
clove,mint,2,3,0.3
apricot,date,3,3,0.29
apple,ricotta,2,3,0.28
anise,honey,8,3,0.28
pineapple,raspberry,7,3,0.26
orange,vodka,4,3,0.23
lemon,tarragon,5,3,0.18
avocado,lime,2,3,0.15
lemongrass,lime,1,3,0.1
almond,avocado,1,3,0.1
blackberry,raisin,1,3,0.1
raspberry,tahini,1,3,0.1
chai,nutmeg,1,3,0.1
anise,date,1,3,0.1
hibiscus,strawberry,1,3,0.1
chai,ginger,1,3,0.1
blackberry,tahini,1,3,0.1
cocoa,peach,2,3,0.1
cardamom,chai,1,3,0.1
chai,cinnamon,1,3,0.1
date,tahini,1,3,0.1
chocolate,passionfruit,1,3,0.1
anise,fig,1,3,0.1
cardamom,carrot,1,3,0.1
anise,pepper,1,3,0.1
basil,hibiscus,1,3,0.1
coconut,cucumber,1,3,0.1
anise,lime,1,3,0.1
date,rose,2,3,0.05
clove,vodka,1,3,0
nutmeg,vodka,1,3,0
cinnamon,vodka,1,3,0
peanut,vanilla,114,2.99,0.62
chocolate,peanut,112,2.99,0.57
cardamom,ginger,36,2.99,0.53
apple,mint,7,2.99,0.34
banana,chocolate,64,2.98,0.58
banana,rum,51,2.98,0.58
cinnamon,coconut,40,2.98,0.54
cinnamon,mint,24,2.98,0.42
hazelnut,nutmeg,15,2.97,0.62
honey,raisin,17,2.97,0.58
banana,vanilla,130,2.97,0.58
peach,raspberry,38,2.97,0.54
date,honey,16,2.97,0.35
almond,maple,16,2.97,0.34
blueberry,peach,13,2.96,0.65
apricot,chocolate,34,2.96,0.54
mint,peach,14,2.96,0.54
coconut,peanut,13,2.96,0.52
maple,nutmeg,28,2.96,0.52
honey,pear,25,2.96,0.46
apple,grape,6,2.96,0.46
apricot,coconut,12,2.96,0.43
coffee,ginger,10,2.95,0.68
coffee,mascarpone,19,2.95,0.67
orange,pumpkin,19,2.95,0.6
coconut,lemon,52,2.95,0.56
oat,orange,19,2.95,0.55
coconut,oat,22,2.95,0.51
peach,vanilla,107,2.95,0.5
cola,marshmallow,1,2.95,0.48
cocoa,date,8,2.94,0.66
clove,oat,7,2.94,0.63
cinnamon,plum,44,2.94,0.6
cocoa,nutmeg,8,2.94,0.59
cocoa,fig,9,2.94,0.59
fig,hazelnut,9,2.94,0.57
cinnamon,marshmallow,8,2.94,0.57
banana,peanut,17,2.94,0.56
cinnamon,maple,60,2.94,0.55
almond,peach,35,2.94,0.55
brandy,raspberry,27,2.94,0.51
chocolate,peach,9,2.94,0.51
coconut,pineapple,50,2.94,0.5
date,vanilla,42,2.94,0.48
fig,honey,31,2.94,0.47
anise,chocolate,9,2.94,0.44
honey,vanilla,182,2.94,0.44
pecan,raspberry,9,2.94,0.44
fig,raspberry,8,2.94,0.42
cherry,peach,8,2.94,0.39
blueberry,lime,24,2.94,0.39
apple,raspberry,10,2.94,0.34
graham,orange,14,2.93,0.64
cardamom,pear,15,2.93,0.59
cocoa,rum,22,2.93,0.52
almond,coconut,56,2.93,0.5
chocolate,marshmallow,41,2.93,0.49
apricot,cherry,40,2.93,0.38
banana,lime,14,2.93,0.36
blackberry,clove,6,2.92,0.61
apricot,maple,6,2.92,0.58
banana,cinnamon,36,2.92,0.57
maple,vanilla,104,2.92,0.53
apple,lime,3,2.92,0.49
cardamom,saffron,6,2.92,0.43
blackberry,mint,24,2.92,0.41
almond,pepper,6,2.92,0.34
caramel,pecan,17,2.91,0.63
apple,cocoa,9,2.91,0.59
coffee,lemon,11,2.91,0.55
honey,oat,16,2.91,0.54
maple,pecan,27,2.91,0.49
coconut,mango,37,2.91,0.48
oatmeal,vanilla,5,2.9,0.71
cocoa,whiskey,5,2.9,0.71
peanut,strawberry,5,2.9,0.65
banana,cocoa,10,2.9,0.61
pecan,pepper,5,2.9,0.54
mint,ricotta,5,2.9,0.49
lemon,pineapple,30,2.9,0.45
apple,blackberry,8,2.9,0.44
champagne,orange,5,2.9,0.42
apricot,hazelnut,9,2.89,0.55
coconut,lime,48,2.89,0.47
coconut,cranberry,4,2.88,0.61
caramel,cinnamon,21,2.88,0.6
cranberry,honey,12,2.88,0.59
mango,nutmeg,4,2.88,0.59
almond,mint,13,2.88,0.51
lemon,plum,42,2.88,0.5
pretzel,vanilla,8,2.88,0.5
honey,rose,8,2.88,0.48
pecan,walnut,16,2.88,0.43
hazelnut,peach,4,2.88,0.31
ginger,pepper,26,2.87,0.6
maple,orange,15,2.87,0.49
coffee,walnut,21,2.86,0.69
apple,chocolate,10,2.86,0.54
clove,coffee,11,2.86,0.53
lemon,pomegranate,7,2.86,0.51
coffee,orange,22,2.86,0.51
honey,nutmeg,38,2.86,0.48
fennel,vanilla,7,2.86,0.43
anise,vanilla,25,2.86,0.39
oat,pear,13,2.85,0.57
clove,pear,31,2.85,0.51
banana,honey,10,2.85,0.5
apple,coconut,9,2.85,0.48
rum,strawberry,13,2.85,0.4
chocolate,grape,3,2.83,0.7
blueberry,coffee,3,2.83,0.68
cashew,chocolate,12,2.83,0.64
plum,thyme,3,2.83,0.63
chocolate,lime,20,2.83,0.62
coffee,oat,3,2.83,0.61
blackberry,peach,20,2.83,0.58
grape,pear,6,2.83,0.57
coconut,peach,6,2.83,0.55
maple,mint,9,2.83,0.53
peach,pear,3,2.83,0.51
cardamom,pepper,12,2.83,0.49
pecan,tequila,3,2.83,0.49
ginger,peach,20,2.83,0.47
cardamom,raspberry,6,2.83,0.47
chocolate,tequila,3,2.83,0.46
apricot,clove,12,2.83,0.46
lemon,lime,31,2.83,0.42
brandy,chestnut,3,2.83,0.42
apple,peanut,4,2.83,0.4
ginger,ricotta,3,2.83,0.35
earl,lemon,3,2.83,0.29
date,fig,11,2.82,0.55
graham,pumpkin,11,2.82,0.55
apple,banana,4,2.82,0.5
banana,pineapple,28,2.82,0.48
mango,rum,19,2.82,0.43
lemon,rhubarb,27,2.81,0.51
ginger,lime,28,2.81,0.49
honey,peach,32,2.81,0.37
cashew,cocoa,5,2.8,0.74
apple,pistachio,3,2.8,0.7
cranberry,pumpkin,5,2.8,0.64
hazelnut,maple,5,2.8,0.62
ginger,maple,27,2.8,0.6
honey,rosemary,5,2.8,0.55
caramel,graham,5,2.8,0.53
almond,grape,5,2.8,0.52
cardamom,cranberry,5,2.8,0.51
caramel,vanilla,41,2.8,0.47
cranberry,mint,10,2.8,0.45
cinnamon,grape,15,2.8,0.44
peanut,rum,5,2.8,0.41
maple,raspberry,5,2.8,0.34
marshmallow,walnut,7,2.79,0.68
peanut,walnut,7,2.79,0.47
chocolate,date,12,2.79,0.43
cherry,walnut,19,2.79,0.42
cinnamon,pomegranate,7,2.79,0.37
coffee,rum,23,2.78,0.52
bay,orange,9,2.78,0.43
banana,ginger,11,2.77,0.61
apple,honey,33,2.77,0.48
grape,lemon,31,2.77,0.43
lemon,pepper,17,2.76,0.45
cherry,honey,21,2.76,0.32
cocoa,grape,2,2.75,0.81
honey,pretzel,2,2.75,0.73
allspice,coffee,4,2.75,0.72
blackberry,coconut,6,2.75,0.7
cocoa,pineapple,2,2.75,0.7
chestnut,orange,2,2.75,0.7
orange,rosemary,2,2.75,0.69
allspice,caramel,4,2.75,0.66
blackberry,rose,3,2.75,0.66
basil,ricotta,2,2.75,0.66
bay,cinnamon,4,2.75,0.64
cherry,pepper,6,2.75,0.59
oat,raisin,15,2.75,0.56
cocoa,earl,2,2.75,0.53
cinnamon,coffee,54,2.75,0.52
cranberry,rhubarb,2,2.75,0.52
marshmallow,vanilla,34,2.75,0.5
allspice,maple,10,2.75,0.47
coffee,pear,2,2.75,0.46
honey,whisky,2,2.75,0.44
oat,whisky,2,2.75,0.42
cranberry,vodka,2,2.75,0.42
lime,raisin,2,2.75,0.41
raspberry,whisky,2,2.75,0.39
cocoa,pumpkin,2,2.75,0.36
banana,tequila,2,2.75,0.35
honey,tequila,2,2.75,0.35
mint,pecan,4,2.75,0.35
chestnut,cocoa,2,2.75,0.3
pumpkin,ricotta,2,2.75,0.27
grape,walnut,2,2.75,0.05
banana,coconut,35,2.74,0.54
apricot,honey,28,2.73,0.34
lemon,lemongrass,2,2.71,0.54
apple,caramel,12,2.71,0.49
apricot,nutmeg,17,2.71,0.49
banana,cashew,7,2.71,0.45
apricot,pistachio,7,2.71,0.41
cinnamon,rose,10,2.71,0.36
chocolate,ricotta,12,2.71,0.35
clove,coconut,5,2.7,0.48
chocolate,maple,20,2.7,0.47
hazelnut,lime,5,2.7,0.46
lime,rum,27,2.7,0.4
rose,walnut,5,2.7,0.33
orange,rum,35,2.69,0.49
coconut,orange,34,2.69,0.48
anise,lemon,16,2.69,0.3
anise,cinnamon,20,2.68,0.48
caramel,ginger,9,2.67,0.67
almond,rose,5,2.67,0.66
apple,blueberry,2,2.67,0.59
ginger,gingerbread,2,2.67,0.57
banana,clove,3,2.67,0.51
honey,peanut,9,2.67,0.51
cardamom,ricotta,3,2.67,0.49
blackberry,honey,6,2.67,0.45
apricot,orange,44,2.67,0.44
caramel,orange,6,2.67,0.43
lime,pear,6,2.67,0.39
almond,date,18,2.67,0.36
cardamom,pomegranate,3,2.67,0.34
fig,rum,6,2.67,0.34
vanilla,vodka,6,2.67,0.13
blackberry,pineapple,3,2.67,0.03
cashew,vanilla,19,2.66,0.55
coconut,honey,19,2.66,0.47
almond,lime,20,2.65,0.51
apple,mango,2,2.65,0.43
caramel,coffee,4,2.63,0.65
brandy,grape,4,2.63,0.44
almond,caramel,4,2.63,0.43
mango,pineapple,32,2.63,0.41
coconut,curry,4,2.63,0.4
tahini,vanilla,4,2.63,0.25
lime,pecan,5,2.6,0.65
caramel,peanut,5,2.6,0.57
allspice,mint,5,2.6,0.36
blueberry,mango,5,2.6,0.32
anise,mint,5,2.6,0.3
honey,ricotta,16,2.59,0.48
lime,orange,18,2.58,0.41
bay,vanilla,7,2.57,0.36
blackberry,lime,14,2.57,0.34
cherry,mint,7,2.57,0.31
honey,thyme,10,2.55,0.46
apricot,pecan,18,2.53,0.42
coffee,pepper,2,2.5,0.84
chai,pumpkin,1,2.5,0.8
pecan,rhubarb,1,2.5,0.8
expresso,vanilla,1,2.5,0.75
mint,pumpkin,1,2.5,0.75
expresso,hazelnut,1,2.5,0.75
ginger,rose,1,2.5,0.75
chocolate,expresso,1,2.5,0.75
mint,thyme,1,2.5,0.69
banana,marshmallow,1,2.5,0.69
basil,pear,1,2.5,0.69
mint,sage,1,2.5,0.67
chestnut,hazelnut,1,2.5,0.63
mint,walnut,5,2.5,0.6
chestnut,ginger,1,2.5,0.6
cardamom,pumpkin,5,2.5,0.6
banana,blueberry,3,2.5,0.6
oatmeal,walnut,1,2.5,0.58
cashew,maple,4,2.5,0.58
allspice,oatmeal,1,2.5,0.58
strawberry,thyme,2,2.5,0.57
chocolate,saffron,1,2.5,0.56
apricot,plum,9,2.5,0.56
banana,coffee,4,2.5,0.56
mint,saffron,1,2.5,0.56
pomegranate,raspberry,5,2.5,0.55
ginger,rhubarb,9,2.5,0.52
brandy,oatmeal,1,2.5,0.5
nutmeg,pretzel,1,2.5,0.5
apple,pretzel,1,2.5,0.5
mango,pecan,2,2.5,0.5
maple,marshmallow,1,2.5,0.5
cranberry,peach,1,2.5,0.5
lemon,pretzel,1,2.5,0.5
cocoa,pear,3,2.5,0.49
grape,rose,2,2.5,0.46
mint,nutmeg,6,2.5,0.45
apple,cashew,3,2.5,0.43
fennel,lemon,8,2.5,0.42
caramel,pineapple,2,2.5,0.41
lime,peach,10,2.5,0.41
maple,oat,10,2.5,0.38
peach,ricotta,4,2.5,0.36
fig,rose,2,2.5,0.35
earl,vanilla,4,2.5,0.35
ginger,saffron,2,2.5,0.34
cinnamon,saffron,2,2.5,0.34
cashew,rose,1,2.5,0.33
date,maple,3,2.5,0.33
coffee,peanut,3,2.5,0.32
apricot,cashew,3,2.5,0.32
ginger,pomegranate,3,2.5,0.26
apricot,mint,10,2.5,0.25
strawberry,tarragon,3,2.5,0.23
honey,saffron,4,2.5,0.22
avocado,basil,1,2.5,0.2
avocado,banana,1,2.5,0.2
banana,basil,1,2.5,0.2
raisin,strawberry,1,2.5,0.1
mint,rose,2,2.5,0.07
almond,vodka,1,2.5,0
ginger,vodka,1,2.5,0
matcha,raspberry,1,2.5,0
apple,peach,4,2.45,0.38
chocolate,pineapple,8,2.44,0.45
mint,rum,8,2.44,0.41
apricot,peach,8,2.44,0.38
anise,nutmeg,7,2.43,0.48
anise,orange,15,2.43,0.31
mint,pistachio,6,2.42,0.21
coconut,mint,11,2.41,0.44
raisin,saffron,5,2.4,0.53
coffee,marshmallow,5,2.4,0.5
hazelnut,rum,5,2.4,0.42
ginger,marshmallow,4,2.4,0.39
apricot,walnut,21,2.4,0.38
blueberry,honey,10,2.4,0.3
caramel,chocolate,28,2.39,0.5
strawberry,tequila,4,2.38,0.62
nutmeg,peanut,4,2.38,0.55
apple,thyme,4,2.38,0.52
caramel,coconut,4,2.38,0.43
lemon,vodka,4,2.38,0.41
coconut,date,8,2.38,0.27
apricot,lime,8,2.38,0.27
clove,maple,14,2.36,0.54
coffee,whiskey,11,2.36,0.49
cashew,hazelnut,3,2.33,0.6
cashew,cinnamon,3,2.33,0.59
caramel,pumpkin,6,2.33,0.59
chocolate,plum,3,2.33,0.51
honey,marshmallow,3,2.33,0.49
coconut,pear,3,2.33,0.34
plum,rum,3,2.33,0.33
chocolate,tahini,3,2.33,0.31
blueberry,hazelnut,6,2.33,0.29
clove,rose,2,2.33,0.28
coffee,pistachio,3,2.33,0.27
tarragon,vanilla,3,2.33,0.23
mango,strawberry,14,2.32,0.06
banana,mango,12,2.29,0.34
lemon,thyme,12,2.29,0.32
basil,thyme,2,2.25,0.6
lemon,matcha,2,2.25,0.57
grape,pumpkin,2,2.25,0.55
cilantro,mango,2,2.25,0.46
blueberry,pineapple,4,2.25,0.41
cocoa,cranberry,4,2.25,0.4
clove,lime,4,2.25,0.34
apple,pomegranate,3,2.25,0.2
earl,orange,4,2.25,0.09
thyme,vanilla,12,2.21,0.34
allspice,graham,5,2.2,0.34
orange,peanut,5,2.2,0.33
cinnamon,peanut,13,2.19,0.46
coconut,raspberry,14,2.18,0.43
fennel,orange,3,2.17,0.58
anise,pistachio,3,2.17,0.56
earl,honey,3,2.17,0.48
peach,pineapple,6,2.17,0.43
bay,pear,3,2.17,0.34
grape,lime,6,2.17,0.33
almond,fennel,3,2.17,0.26
fennel,raisin,3,2.17,0.26
honey,vodka,3,2.17,0.22
blueberry,coconut,10,2.15,0.46
coconut,maple,11,2.14,0.3
maple,rum,4,2.13,0.59
grape,peanut,4,2.13,0.56
chocolate,pumpkin,11,2.09,0.27
banana,peach,6,2.08,0.36
cashew,coconut,7,2.07,0.41
banana,maple,8,2.06,0.38
caramel,honey,1,2,0.6
caramel,tequila,1,2,0.6
plum,vodka,2,2,0.59
blueberry,rum,3,2,0.54
anise,pumpkin,2,2,0.5
almond,chestnut,1,2,0.5
bay,honey,2,2,0.49
coffee,date,2,2,0.47
allspice,grape,4,2,0.46
cocoa,ricotta,3,2,0.44
cashew,raspberry,2,2,0.4
pepper,rhubarb,1,2,0.4
lime,rose,2,2,0.4
clove,grape,7,2,0.39
nutmeg,pomegranate,2,2,0.34
date,raspberry,4,2,0.23
lime,pomegranate,3,2,0.19
banana,date,2,2,0.05
anise,cashew,2,2,0.05
pepper,pomegranate,2,2,0.05
lime,saffron,1,2,0
pineapple,ricotta,1,2,0
clove,saffron,1,2,0
pear,saffron,1,2,0
blackberry,thyme,1,2,0
banana,saffron,1,2,0
maple,peanut,5,1.9,0.47
cardamom,coffee,5,1.9,0.35
chocolate,matcha,5,1.9,0.33
cherry,peanut,5,1.9,0.3
coconut,hazelnut,5,1.9,0.2
grape,nutmeg,4,1.88,0.28
coconut,pretzel,3,1.83,0.47
fig,strawberry,2,1.75,0.49
carrot,honey,2,1.75,0.47
lemon,sage,2,1.75,0.46
fennel,pistachio,2,1.75,0.46
coconut,vodka,2,1.75,0.45
cashew,rum,2,1.75,0.44
chamomile,vanilla,2,1.75,0.43
banana,brandy,2,1.75,0.42
banana,raisin,4,1.75,0.41
pepper,pumpkin,2,1.75,0.39
maple,plum,2,1.75,0.38
caramel,pepper,2,1.75,0.38
maple,pineapple,2,1.75,0.38
banana,plum,2,1.75,0.38
matcha,strawberry,2,1.75,0.34
lime,pistachio,6,1.75,0.34
cherry,lime,6,1.75,0.29
mango,tequila,2,1.75,0.05
orange,saffron,2,1.75,0.05
raspberry,tarragon,2,1.75,0.05
cranberry,strawberry,2,1.75,0.05
curry,ginger,2,1.75,0.05
almond,hibiscus,2,1.75,0.05
rum,tequila,2,1.75,0.05
cherry,fennel,2,1.75,0.05
mango,pomegranate,2,1.75,0
marshmallow,pumpkin,3,1.67,0.32
chocolate,mango,4,1.63,0.23
blackberry,pistachio,2,1.5,0.44
caramel,marshmallow,2,1.5,0.41
cranberry,pepper,2,1.5,0.41
honey,pomegranate,6,1.5,0.4
mango,maple,2,1.5,0.38
apricot,peanut,2,1.5,0.38
pecan,plum,2,1.5,0.34
grape,maple,1,1.5,0.33
almond,pretzel,2,1.5,0.32
matcha,vanilla,6,1.5,0.25
coffee,cranberry,2,1.5,0.25
honey,whiskey,3,1.5,0.22
banana,oat,5,1.5,0.21
saffron,vanilla,3,1.5,0.19
mango,raisin,2,1.5,0.17
apricot,tarragon,2,1.5,0.05
cucumber,lime,2,1.5,0.05
hibiscus,vanilla,2,1.5,0.05
coconut,pomegranate,2,1.5,0
fig,whiskey,1,1.5,0
pineapple,pomegranate,2,1.5,0
anise,rum,3,1.33,0.22
maple,mascarpone,2,1.25,0.42
honey,sage,2,1.25,0.34
cashew,nutmeg,2,1.25,0.28
cinnamon,pretzel,2,1.25,0.25
coconut,marshmallow,4,1.25,0.17
apple,fennel,3,1.17,0.03
banana,blackberry,1,1,0.33
apricot,earl,3,1,0.31
cilantro,raisin,1,1,0
gingerbread,pumpkin,1,1,0
chestnut,lemon,1,1,0
cilantro,vanilla,1,1,0
cilantro,pineapple,1,1,0
gingerbread,marshmallow,1,1,0
gingerbread,vanilla,1,1,0
apple,gingerbread,1,1,0
basil,chocolate,1,1,0
mint,raisin,1,1,0
apple,marshmallow,1,1,0
pomegranate,rhubarb,1,1,0
cilantro,cinnamon,1,1,0
chestnut,ricotta,1,1,0
cilantro,mint,1,1,0
mango,peach,2,0.5,0
oat,pepper,1,0,0.1
anise,bay,1,0,0.1
bay,pumpkin,1,0,0.1
pistachio,pomegranate,1,0,0
blueberry,zucchini,1,0,0
anise,hibiscus,1,0,0
lime,maple,1,0,0
anise,mascarpone,1,0,0
oat,whiskey,1,0,0
coconut,matcha,3,0,0
maple,vodka,1,0,0
caramel,clove,2,0,0
caramel,maple,2,0,0
almond,matcha,1,0,0
raspberry,whiskey,1,0,0
cashew,clove,1,0,0
chocolate,hibiscus,1,0,0
champagne,tarragon,1,0,0
cardamom,grape,1,0,0
chamomile,lemon,1,0,0
coconut,thyme,1,0,0
banana,pomegranate,1,0,0
grape,mango,1,0,0
chocolate,thyme,1,0,0
anise,peach,1,0,0
graham,grape,1,0,0
fennel,walnut,1,0,0
brandy,whiskey,1,0,0
peach,pomegranate,1,0,0
date,strawberry,1,0,0
date,ricotta,1,0,0
anise,coconut,1,0,0
blackberry,vodka,1,0,0
coconut,plum,1,0,0
cashew,mint,1,0,0
raspberry,zucchini,1,0,0
mascarpone,zucchini,1,0,0
cinnamon,hibiscus,1,0,0
coffee,maple,1,0,0
pistachio,plum,1,0,0
matcha,oat,1,0,0
cardamom,tahini,1,0,0
blueberry,tequila,1,0,0
almond,sage,1,0,0
matcha,vodka,1,0,0
caramel,cardamom,1,0,0
coconut,fig,1,0,0
maple,pepper,1,0,0
orange,sage,1,0,0
allspice,peanut,1,0,0
coconut,passionfruit,1,0,0
grape,pepper,1,0,0
banana,matcha,1,0,0
grape,rosemary,1,0,0
curry,mango,1,0,0
lemongrass,pepper,1,0,0
bay,plum,1,0,0
pecan,pistachio,1,0,0
anise,grape,1,0,0
oat,thyme,1,0,0
earl,nutmeg,1,0,0
earl,hazelnut,1,0,0
anise,hazelnut,1,0,0
peach,vodka,2,0,0
maple,matcha,1,0,0
hibiscus,rum,1,0,0
hibiscus,nutmeg,1,0,0
apricot,champagne,1,0,0
almond,thyme,1,0,0
cucumber,ginger,1,0,0
earl,plum,1,0,0
date,peanut,1,0,0
